Pregunta,Anio,Tag
How do I return the response from an asynchronous call?,2013,[javascript]
Event binding on dynamically created elements?,2008,[javascript]
JavaScript closure inside loops – simple practical example,2009,[javascript]
How to access the correct `this` inside a callback,2013,[javascript]
Why is my variable unaltered after I modify it inside of a function? - Asynchronous code reference,2014,[javascript]
Why does jQuery or a DOM method such as getElementById not find the element?,2012,[javascript]
"How can I access and process nested objects arrays or JSON?",2012,[javascript]
Official locator strategies for the webdriver,2018,[javascript]
What is the difference between client-side and server-side programming?,2012,[javascript]
"How does the ""this"" keyword work and when should it be used?",2010,[javascript]
How do JavaScript closures work?,/a,[javascript]
What do querySelectorAll and getElementsBy* methods return?,2012,[javascript]
Accessing an object property with a dynamically-computed name,2010,[javascript]
What is the explicit promise construction antipattern and how do I avoid it?,2014,[javascript]
How can I get query string values in JavaScript?,/a,[javascript]
What is the scope of variables in JavaScript?,2009,[javascript]
The useState set method is not reflecting a change immediately,2019,[javascript]
Using async/await with a forEach loop,2016,[javascript]
Are 'Arrow Functions' and 'Functions' equivalent / interchangeable?,2015,[javascript]
What is the most efficient way to deep clone an object in JavaScript?,/a,[javascript]
"Why does my JavaScript code receive a ""No 'Access-Control-Allow-Origin' header is present on the requested resource"" error while Postman does not?",2013,[javascript]
Why does Date.parse give incorrect results?,2010,[javascript]
How do I format a date in JavaScript?,2010,[javascript]
Is JavaScript a pass-by-reference or pass-by-value language?,2009,[javascript]
"Why is using ""for...in"" for array iteration a bad idea?",2009,[javascript]
Which equals operator (== vs ===) should be used in JavaScript comparisons?,2008,[javascript]
How do I pass variables and data from PHP to JavaScript?,2014,[javascript]
How do I convert an existing callback API to promises?,2014,[javascript]
JavaScript property access: dot notation vs. brackets?,2011,[javascript]
var functionName = function() {} vs function functionName() {},2008,[javascript]
XMLHttpRequest cannot load XXX No 'Access-Control-Allow-Origin' header,2016,[javascript]
How to randomize (shuffle) a JavaScript array?,2010,[javascript]
Ways to circumvent the same-origin policy,/a,[javascript]
"""Thinking in AngularJS"" if I have a jQuery background? [closed]",2013,[javascript]
Does JavaScript guarantee object property order?,2011,[javascript]
Access variables and functions defined in page context using a content script,2012,[javascript]
Self-references in object literals / initializers,2011,[javascript]
How can I upload files asynchronously with jQuery?,2008,[javascript]
Sort array of objects by string property value,2009,[javascript]
How do I redirect to another webpage?,2009,[javascript]
Where can I find documentation on formatting a date in JavaScript?,/a,[javascript]
How does the 'Access-Control-Allow-Origin' header work?,2012,[javascript]
How do I replace all occurrences of a string in JavaScript?,2009,[javascript]
.prop() vs .attr(),2011,[javascript]
How can I validate an email address in JavaScript?,/a,[javascript]
How do I copy to the clipboard in JavaScript?,2008,[javascript]
"What is the difference between ""let"" and ""var""?",2009,[javascript]
Prototypical inheritance - writing up [duplicate],2013,[javascript]
What is the (function() { } )() construct in JavaScript?,2011,[javascript]
"Why is document.write considered a ""bad practice""?",2009,[javascript]
How to make good reproducible pandas examples,2013,[python]
How to test multiple variables for equality against a single value?,2013,[python]
Asking the user for input until they give a valid response,/a,[python]
How do I create variable variables?,2009,[python]
Understanding slicing,2009,[python]
List of lists changes reflected across sublists unexpectedly,2008,[python]
How can I pivot a dataframe?,2017,[python]
"""Least Astonishment"" and the Mutable Default Argument",2009,[python]
Pandas Merging 101,2018,[python]
How do I clone a list so that it doesn't change unexpectedly after assignment?,2010,[python]
How can I read inputs as numbers?,2013,[python]
How to remove items from a list while iterating?,2009,[python]
How do I make a flat list out of a list of lists?,2009,[python]
How do I split a list into equally-sized chunks?,2008,[python]
Using global variables in a function,2009,[python]
How do I pass a variable by reference?,2009,[python]
"Why does ""a == x or y or z"" always evaluate to True? How can I compare ""a"" to all of those?",2013,[python]
"Selenium - wait until element is present visible and interactable",2019,[python]
How to deal with SettingWithCopyWarning in Pandas,2013,[python]
What does ** (double star/asterisk) and * (star/asterisk) do for parameters?,2008,[python]
"What does if __name__ == ""__main__"": do?",2009,[python]
Short description of the scoping rules?,2008,[python]
"Why is my Button's command executed immediately when I create the Button and not when I click it? [duplicate]",2011,[python]
How do I select rows from a DataFrame based on column values?,2013,[python]
Tkinter: AttributeError: NoneType object has no attribute <attribute name>,2009,[python]
Why does my recursive function return None?,2013,[python]
How do I execute a program or call a system command?,2008,[python]
How do I sort a dictionary by value?,2009,[python]
"What does the ""yield"" keyword do?",2008,[python]
UnboundLocalError on local variable when reassigned after first use,2008,[python]
How do I iterate through two lists in parallel?,2009,[python]
Why does Tkinter image not show up if created in a function?,2013,[python]
Flatten an irregular (arbitrarily nested) list of lists,2010,[python]
How to convert string representation of list to a list,2009,[python]
Why is using 'eval' a bad practice?,2009,[python]
How to iterate over rows in a DataFrame in Pandas,2013,[python]
Pandas conditional creation of a series/dataframe column,2013,[python]
WebDriverWait not working as expected,2018,[python]
How do I detect collision in pygame?,2015,[python]
How to filter Pandas dataframe using 'in' and 'not in' like in SQL,2013,[python]
"Why do these list operations (methods: clear / extend / reverse / append / sort / remove) return None rather than the resulting list?",2012,[python]
What is the purpose of the `self` parameter? Why is it needed?,2010,[python]
Strange result when removing item from a list while iterating over it,2011,[python]
"Of the many findElement(s)/By functions in Selenium when would you use one over the other?",2018,[python]
Does Python have a ternary conditional operator?,2008,[python]
How do I merge two dictionaries in a single expression?,2008,[python]
"Truth value of a Series is ambiguous. Use a.empty a.bool() a.item() a.any() or a.all()",2016,[python]
"""is"" operator behaves unexpectedly with integers",2008,[python]
How to print without a newline or space,2009,[python]
tkinter creating buttons in for loop passing command arguments,2012,[python]
"What is a NullPointerException and how do I fix it?",/a,[java]
How do I compare strings in Java?,/a,[java]
"Is Java ""pass-by-reference"" or ""pass-by-value""?",/a,[java]
What causes a java.lang.ArrayIndexOutOfBoundsException and how do I prevent it?,2011,[java]
Scanner is skipping nextLine() after using next() or nextFoo()?,2012,[java]
Unfortunately MyApp has stopped. How can I solve this?,2014,[java]
How can I fix 'android.os.NetworkOnMainThreadException'?,2011,[java]
The Use of Multiple JFrames: Good or Bad Practice? [closed],2012,[java]
What is a raw type and why shouldn't we use it?,2010,[java]
How do I write a correct micro-benchmark in Java?,2009,[java]
"What does a ""Cannot find symbol"" or ""Cannot resolve symbol"" error mean?",2014,[java]
How to parse JSON in Java,2010,[java]
How to add JTable in JPanel with null layout?,2011,[java]
"How can I avoid Java code in JSP files using JSP 2?",2010,[java]
Should I avoid the use of set(Preferred|Maximum|Minimum)Size methods in Java Swing?,2011,[java]
Why is my Spring @Autowired field null?,2013,[java]
What's the simplest way to print a Java array?,2009,[java]
"How do I print my Java object without getting ""SomeType@2f92e0f4""?",2015,[java]
"What is a stack trace and how can I use it to debug my application errors?",2010,[java]
Providing white space in a Swing GUI,2013,[java]
Is List<Dog> a subclass of List<Animal>? Why are Java generics not implicitly polymorphic?,2010,[java]
What is PECS (Producer Extends Consumer Super)?,2010,[java]
How to fix java.lang.UnsupportedClassVersionError: Unsupported major.minor version,2012,[java]
How can I upload files to a server using JSP/Servlet?,2010,[java]
"Servlet returns ""HTTP Status 404 The requested resource (/servlet) is not available""",2012,[java]
How do I generate random integers within a specific range in Java?,2008,[java]
Why is processing a sorted array faster than processing an unsorted array?,2012,[java]
How should I use servlets and Ajax?,2010,[java]
How do I split a string in Java?,2010,[java]
Connect Java to a MySQL database,2010,[java]
"What does ""Could not find or load main class"" mean?",2013,[java]
What issues should be considered when overriding equals and hashCode in Java?,2008,[java]
Why am I getting a NoClassDefFoundError in Java?,2008,[java]
Java string to date conversion,2010,[java]
How to round a number to n decimal places in Java,2008,[java]
How can I create an executable/runnable JAR with dependencies using Maven?,2009,[java]
How to use java.net.URLConnection to fire and handle HTTP requests,/a,[java]
"Iterating through a Collection avoiding ConcurrentModificationException when removing objects in a loop",2008,[java]
Why use getters and setters/accessors?,2009,[java]
"What is the difference between public protected package-private and private in Java?",2008,[java]
Non-static variable cannot be referenced from a static context,2010,[java]
"Sort a Map<Key Value> by values",/a,[java]
How to return DataSnapshot value as a result of a method?,2017,[java]
Int division: Why is the result of 1/3 == 0?,2011,[java]
Swing GUI listeners without AWT,2011,[java]
"How do servlets work? Instantiation sessions shared variables and multithreading",2010,[java]
How to create a generic array in Java?,2009,[java]
String.equals versus == [duplicate],2009,[java]
Why does my ArrayList contain N copies of the last item added to the list?,2013,[java]
Sort ArrayList of custom Objects by property,2010,[java]
Do I cast the result of malloc?,2009,[c]
Why is “while( !feof(file) )” always wrong?,2011,[c]
"Undefined unspecified and implementation-defined behavior",2010,[c]
Why are these constructs using pre and post-increment undefined behavior?,2009,[c]
Why is the gets function so dangerous that it should not be used?,2009,[c]
scanf() leaves the newline character in the buffer,2011,[c]
What is array to pointer decay?,2009,[c]
What is the strict aliasing rule?,2008,[c]
The Definitive C Book Guide and List,/a,[c]
What should main() return in C and C++?,2008,[c]
"Why do I get a segmentation fault when writing to a ""char *s"" initialized with a string literal but not ""char s[]""?",2008,[c]
Removing trailing newline character from fgets() input,2010,[c]
Why isn't sizeof for a struct equal to the sum of sizeof of each member?,2008,[c]
How to find the size of an array (from a pointer pointing to the first element array)?,2009,[c]
How do I properly compare strings in C?,2011,[c]
How do I use extern to share variables between source files?,2009,[c]
"Crash or ""segmentation fault"" when data is copied/scanned/read to an uninitialized pointer",/a,[c]
Using fflush(stdin),2010,[c]
Correctly allocating multi-dimensional arrays,2017,[c]
srand() — why call it only once?,2011,[c]
What is the difference between char s[] and char *s?,2009,[c]
Why does printf not flush after the call unless a newline is in the format string?,2009,[c]
What is the difference between a definition and a declaration?,2009,[c]
Is an array name a pointer?,2009,[c]
"With arrays why is it the case that a[5] == 5[a]?",2008,[c]
What is the behavior of integer division?,2010,[c]
Where do I find the current C or C++ standard documents?,/a,[c]
"What is the difference between const int* const int * const and int const *?",2009,[c]
How to access a local variable from a different function using pointers?,2010,[c]
"How do I set clear and toggle a single bit?",2008,[c]
"What does the comma operator  do?",2008,[c]
"What is the difference between #include <filename> and #include ""filename""?",2008,[c]
How do function pointers in C work?,/a,[c]
How dangerous is it to access an array out of bounds?,2013,[c]
"When and why will a compiler initialise memory to 0xCD 0xDD etc. on malloc/free/new/delete?",2008,[c]
"What is the effect of extern ""C"" in C++?",2009,[c]
How do I determine the size of my array in C?,2008,[c]
Is it a good idea to typedef pointers?,2009,[c]
fgets doesn't work after scanf [duplicate],2011,[c]
Why should I always enable compiler warnings?,2019,[c]
"What happens to a declared uninitialized variable in C? Does it have a value?",2009,[c]
What is a segmentation fault?,2010,[c]
Implicit type promotion rules,2017,[c]
(Why) is using an uninitialized variable undefined behavior?,2012,[c]
Changing address contained by pointer using function,2012,[c]
What is the effect of trailing white space in a scanf() format string?,2013,[c]
How come an array's address is equal to its value in C?,2010,[c]
Structure padding and packing,2010,[c]
Is short-circuiting logical operators mandated? And evaluation order?,2009,[c]
Are global variables bad? [closed],2009,[c]
How can I prevent SQL injection in PHP?,/a,[php]
"""Notice: Undefined variable"" ""Notice: Undefined index"" ""Warning: Undefined array key"" and ""Notice: Undefined offset"" using PHP",/a,[php]
Why shouldn't I use mysql_* functions in PHP?,2012,[php]
PHP parse/syntax errors; and how to solve them,/a,[php]
Reference - What does this error mean in PHP?,/a,[php]
PHP mail function doesn't complete sending of e-mail,2014,[php]
"How to fix ""Headers already sent"" error in PHP",/a,[php]
UTF-8 all the way through,2008,[php]
How do you parse and process HTML/XML in PHP?,/a,[php]
What is the difference between client-side and server-side programming?,2012,[php]
What to do with mysqli problems? Errors like mysqli_fetch_array(): Argument #1 must be of type mysqli_result and such,2014,[php]
SQL injection that gets around mysql_real_escape_string(),2011,[php]
How to extract and access data from JSON with PHP?,2015,[php]
Convert one date format into another in PHP,2010,[php]
How do I get PHP errors to display?,2009,[php]
Reference — What does this symbol mean in PHP?,/a,[php]
How can I get useful error messages in PHP?,2009,[php]
What is the difference between single-quoted and double-quoted strings in PHP?,2010,[php]
Can I mix MySQL APIs in PHP?,2013,[php]
"Reference: What is variable scope which variables are accessible from where and what are ""undefined variable"" errors?",2013,[php]
How do I pass variables and data from PHP to JavaScript?,2014,[php]
"PHP code is not being executed but the code shows in the browser source code",2011,[php]
How can I sort arrays and data in PHP?,2013,[php]
Why does this PDO statement silently fail?,2015,[php]
The 3 different equals,2010,[php]
mysql_fetch_array()/mysql_fetch_assoc()/mysql_fetch_row()/mysql_num_rows etc... expects parameter 1 to be resource,2010,[php]
How can I access an array/object?,2015,[php]
How do you use bcrypt for hashing passwords in PHP? [duplicate],2011,[php]
How do I make a redirect in PHP?,2009,[php]
Secure hash and salt for PHP passwords,2008,[php]
Cleansing User Passwords,2016,[php]
How to calculate the difference between two dates using PHP?,2009,[php]
Can PHP PDO Statements accept the table or column name as parameter?,2008,[php]
How to include a PHP variable inside a MySQL statement,2011,[php]
How can I convert ereg expressions to preg in PHP?,2011,[php]
How to use PHP's password_hash to hash and verify passwords,2015,[php]
How to Sort a Multi-dimensional Array by Value,2010,[php]
How can I sanitize user input with PHP?,2008,[php]
PHP - Failed to open stream : No such file or directory,2016,[php]
How do I expire a PHP session after 30 minutes?,2009,[php]
How to loop through PHP object with dynamic keys [duplicate],2010,[php]
How do I pass JavaScript variables to PHP?,2009,[php]
How can I combine two strings together in PHP?,2011,[php]
How to Flatten a Multidimensional Array?,2009,[php]
Can I bind an array to an IN() condition in a PDO query?,2009,[php]
How should a model be structured in MVC? [closed],2011,[php]
Change the maximum upload file size,2010,[php]
"mysqli or die does it have to die?",2013,[php]
PHP's white screen of death [duplicate],2009,[php]
Receive JSON POST with PHP,2013,[php]
How to use ThreeTenABP in Android Project,2016,[android]
Unfortunately MyApp has stopped. How can I solve this?,2014,[android]
How can I fix 'android.os.NetworkOnMainThreadException'?,2011,[android]
How do I pass data between Activities in Android application?,2010,[android]
When does SQLiteOpenHelper onCreate() / onUpgrade() run?,/a,[android]
How do I parse JSON in Android? [duplicate],2012,[android]
Strange OutOfMemory issue while loading an image to a Bitmap object,/a,[android]
How to lazy load images in ListView in Android,2009,[android]
How can I save an activity state using the save instance state?,2008,[android]
How to return DataSnapshot value as a result of a method?,2017,[android]
"How to use SharedPreferences in Android to store fetch and edit values [closed]",2010,[android]
Android permission doesn't work even if I have declared it,2015,[android]
How to manage startActivityForResult on Android,2012,[android]
Sending Email in Android using JavaMail API without using the default/built-in app,2010,[android]
Is there a unique Android device ID?,2010,[android]
AsyncTask Android example,2012,[android]
"What is the difference between px dip dp and sp?",2010,[android]
How to create RecyclerView with multiple view types,2014,[android]
Why does my function that calls an API or launches a coroutine return an empty or null value?,2019,[android]
How to close/hide the Android soft keyboard programmatically?,/a,[android]
getContactsFromFirebase() method return an empty list,2018,[android]
R cannot be resolved - Android error,/a,[android]
How to return a DocumentSnapShot as a result of a method?,2018,[android]
Is quitting an application frowned upon?,/a,[android]
Android 8: Cleartext HTTP traffic not permitted,2017,[android]
android.os.FileUriExposedException: file:///storage/emulated/0/test.txt exposed beyond app through Intent.getData(),2016,[android]
"Download a file with Android and showing the progress in a ProgressDialog",2010,[android]
RecyclerView onClick,2014,[android]
How to programmatically take a screenshot on Android?,2010,[android]
Shared preferences for creating one time activity,2014,[android]
Ship an application with a database,2009,[android]
Custom Adapter for List View,2011,[android]
How ListView's recycling mechanism works,2012,[android]
How to get screen dimensions as pixels in Android,2009,[android]
How to handle notification when app in background in Firebase,2016,[android]
How to use an existing database with an Android application [duplicate],2012,[android]
Storage permission error in Marshmallow,2015,[android]
How to pass an object from one activity to another on Android,2010,[android]
What is the simplest and most robust way to get the user's current location on Android?,2010,[android]
recyclerview No adapter attached; skipping layout,2015,[android]
Send data from activity to fragment in Android,2012,[android]
NullPointerException accessing views in onCreate(),2014,[android]
onActivityResult is not being called in Fragment,2011,[android]
How do I get the current GPS location programmatically in Android?,2009,[android]
Why is the Android emulator so slow? How can we speed up the Android emulator? [closed],/a,[android]
How to check internet access on Android? InetAddress never times out,2009,[android]
How do I add a library project to Android Studio?,2013,[android]
How to declare global variables in Android?,2009,[android]
Change app language programmatically in Android,2010,[android]
How to use LocalBroadcastManager?,2012,[android]
RegEx match open tags except XHTML self-contained tags,/a,[html]
PHP mail function doesn't complete sending of e-mail,2014,[html]
How do you parse and process HTML/XML in PHP?,/a,[html]
How to remove the space between inline/inline-block elements?,2011,[html]
How to center horizontally and vertically?,2013,[html]
How can I horizontally center an element?,/a,[html]
Why don't flex items shrink past content size?,2016,[html]
What are valid values for the id attribute in HTML?,2008,[html]
How can I vertically center a div element for all browsers using CSS?,2008,[html]
How can I validate an email address in JavaScript?,/a,[html]
CSS-only masonry layout,2017,[html]
How can I vertically align elements in a div?,2008,[html]
Image inside div has extra space below the image,2011,[html]
How can I center text (horizontally and vertically) inside a div block?,2011,[html]
What is a clearfix?,2011,[html]
Percentage Height HTML 5/CSS,2009,[html]
Do DOM tree elements with IDs become global properties?,2010,[html]
Make a div fill the height of the remaining screen space,2008,[html]
Maintain the aspect ratio of a div with CSS,2009,[html]
How do I modify the URL without reloading the page?,2009,[html]
How to store objects in HTML5 localStorage/sessionStorage,2010,[html]
javascript function doesn't work when link is clicked,2017,[html]
How do I vertically center text with CSS? [duplicate],2012,[html]
How can I change an element's class with JavaScript?,2008,[html]
Why not use tables for layout in HTML? [closed],/a,[html]
How to affect other elements when one element is hovered,2010,[html]
How do you get the footer to stay at the bottom of a Web page?,2008,[html]
Center one and right/left align other flexbox element,2016,[html]
How to center an element horizontally and vertically,2013,[html]
Make container shrink-to-fit child elements as they wrap,2016,[html]
CSS margin terror; Margin adds space outside parent element [duplicate],2012,[html]
What to do Regular expression pattern doesn't match anywhere in string?,2010,[html]
How do I give text or an image a transparent background using CSS?,2009,[html]
What does enctype='multipart/form-data' mean?,2010,[html]
How to make a div 100% height of the browser window,2009,[html]
How can I tell if a DOM element is visible in the current viewport?,2008,[html]
Can you provide some examples of why it is hard to parse XML and HTML with a regex? [closed],2009,[html]
Where should I put <script> tags in HTML markup?,2009,[html]
Why is percentage height not working on my div? [duplicate],2015,[html]
Can scripts be inserted with innerHTML?,2009,[html]
Targeting flex items on the last or specific row,2017,[html]
How wide is the default `<body>` margin?,2012,[html]
How do I vertically align text in a div?,2010,[html]
Vanilla JavaScript equivalent of jQuery's $.ready() - how to call a function when the page/DOM is ready for it [duplicate],2012,[html]
Does ID have to be unique in the whole page?,2012,[html]
Why are inline event handler attributes a bad idea in modern semantic HTML?,2012,[html]
Why does this CSS margin-top style not work?,2012,[html]
Vertically align text next to an image?,2009,[html]
Are (non-void) self-closing tags valid in HTML5?,/a,[html]
Understanding CSS selector priority / specificity,2010,[html]
Event binding on dynamically created elements?,2008,[jquery]
Why does jQuery or a DOM method such as getElementById not find the element?,2012,[jquery]
"Why does my JavaScript code receive a ""No 'Access-Control-Allow-Origin' header is present on the requested resource"" error while Postman does not?",2013,[jquery]
"""Thinking in AngularJS"" if I have a jQuery background? [closed]",2013,[jquery]
How can I upload files asynchronously with jQuery?,2008,[jquery]
How do I redirect to another webpage?,2009,[jquery]
.prop() vs .attr(),2011,[jquery]
Selecting and manipulating CSS pseudo-elements such as ::before and ::after using javascript (or jQuery),2011,[jquery]
jQuery Ajax File Upload,2010,[jquery]
jQuery Ajax POST example with PHP,2011,[jquery]
event.preventDefault() vs. return false,2009,[jquery]
How do I detect a click outside an element?,/a,[jquery]
How to detect a mobile device using jQuery,/a,[jquery]
Remove duplicate values from JS array [duplicate],2012,[jquery]
Is there a JavaScript / jQuery DOM change listener?,2010,[jquery]
How to check if element is visible after scrolling?,2009,[jquery]
How do I attach events to dynamic HTML elements with jQuery? [duplicate],2009,[jquery]
Convert form data to JavaScript object with jQuery,/a,[jquery]
Preview an image before it is uploaded,2010,[jquery]
Download a file by jQuery.Ajax,2010,[jquery]
JQuery - $ is not defined,2010,[jquery]
Add a property to a JavaScript object using a variable as the name? [duplicate],2009,[jquery]
How can I access the contents of an iframe with JavaScript/jQuery?,2008,[jquery]
$(document).ready equivalent without jQuery,2009,[jquery]
Persist variables between page loads,2015,[jquery]
Scroll to an element with jQuery,2011,[jquery]
Sending multipart/formdata with jQuery.ajax,2011,[jquery]
Vanilla JavaScript equivalent of jQuery's $.ready() - how to call a function when the page/DOM is ready for it [duplicate],2012,[jquery]
SecurityError: Blocked a frame with origin from accessing a cross-origin frame,2014,[jquery]
Abort Ajax requests using jQuery,2009,[jquery]
How do I set/unset a cookie with jQuery?,2009,[jquery]
jQuery AJAX submit form,2009,[jquery]
"Setting ""checked"" for a checkbox with jQuery",2009,[jquery]
Uncaught ReferenceError: $ is not defined?,2010,[jquery]
jQuery AJAX cross domain,2010,[jquery]
Detect browser or tab closing,2010,[jquery]
window.onload vs $(document).ready(),2010,[jquery]
How to manage a redirect request after a jQuery Ajax call,2008,[jquery]
Click event doesn't work on dynamically generated elements [duplicate],2011,[jquery]
How to get client's IP address using JavaScript? [closed],2008,[jquery]
Can I use multiple versions of jQuery on the same page?,2009,[jquery]
jQuery Mobile: document ready vs. page events,2013,[jquery]
Preloading images with jQuery,2009,[jquery]
How do I format a Microsoft JSON date?,/a,[jquery]
How do I check whether a checkbox is checked in jQuery?,/a,[jquery]
HTML-encoding lost when attribute read from input field,2009,[jquery]
"Is there an ""exists"" function for jQuery?",2008,[jquery]
How do I select text nodes with jQuery?,2008,[jquery]
"How to get full path of selected file on change of <input type=‘file’> using javascript jquery-ajax?",2013,[jquery]
Use jQuery to hide a DIV when the user clicks outside of it,2009,[jquery]
The Definitive C++ Book Guide and List,/a,[c++]
What is an undefined reference/unresolved external symbol error and how do I fix it?,2012,[c++]
"Why is ""using namespace std;"" considered bad practice?",2009,[c++]
Why can templates only be implemented in the header file?,2009,[c++]
Why is iostream::eof inside a loop condition (i.e. `while (!stream.eof())`) considered wrong?,2011,[c++]
What is The Rule of Three?,2010,[c++]
What are the basic rules and idioms for operator overloading?,2010,[c++]
Why should I not #include <bits/stdc++.h>?,2015,[c++]
Can a local variable's memory be accessed outside its scope?,/a,[c++]
"Where and why do I have to put the ""template"" and ""typename"" keywords?",2009,[c++]
"Undefined unspecified and implementation-defined behavior",2010,[c++]
What is object slicing?,2008,[c++]
What are the rules about using an underscore in a C++ identifier?,2008,[c++]
Undefined behavior and sequence points,/a,[c++]
What is array to pointer decay?,2009,[c++]
Why aren't variable-length arrays part of the C++ standard?,2009,[c++]
What is the strict aliasing rule?,2008,[c++]
Why does std::getline() skip input after a formatted extraction?,2014,[c++]
What should main() return in C and C++?,2008,[c++]
How do I profile C++ code running on Linux?,2008,[c++]
How do I iterate over the words of a string?,/a,[c++]
What is the copy-and-swap idiom?,2010,[c++]
Resolve build errors due to circular dependency amongst classes,2009,[c++]
What are copy elision and return value optimization?,2012,[c++]
Why is processing a sorted array faster than processing an unsorted array?,2012,[c++]
What are the differences between a pointer variable and a reference variable?,2008,[c++]
"What is this weird colon-member ("" : "") syntax in the constructor?",2009,[c++]
Why isn't sizeof for a struct equal to the sum of sizeof of each member?,2008,[c++]
How do I use extern to share variables between source files?,2009,[c++]
How do I use arrays in C++?,2011,[c++]
"How to remove ""noise"" from GCC/clang assembly output?",2016,[c++]
Iterator invalidation rules for C++ containers,/a,[c++]
What is move semantics?,2010,[c++]
C++ Singleton design pattern,2009,[c++]
"Accessing an array out of bounds gives no error why?",2009,[c++]
How can I read and parse CSV files in C++?,2009,[c++]
What is a smart pointer and when should I use one?,2008,[c++]
What is a lambda expression in C++11?,2011,[c++]
Where do I find the current C or C++ standard documents?,/a,[c++]
When to use virtual destructors?,2009,[c++]
"What is the difference between const int* const int * const and int const *?",2009,[c++]
How to access a local variable from a different function using pointers?,2010,[c++]
Read file line by line using ifstream in C++,2011,[c++]
"How do I set clear and toggle a single bit?",2008,[c++]
When can I use a forward declaration?,2009,[c++]
Default constructor with empty brackets,2008,[c++]
"What is the difference between #include <filename> and #include ""filename""?",2008,[c++]
Templated check for the existence of a class member function?,2008,[c++]
How do I declare a 2d array in C++ using new?,2009,[c++]
"When should static_cast dynamic_cast const_cast and reinterpret_cast be used?",2008,[c++]
Is there a CSS parent selector?,2009,[css]
How to remove the space between inline/inline-block elements?,2011,[css]
How to center horizontally and vertically?,2013,[css]
How can I horizontally center an element?,/a,[css]
Why don't flex items shrink past content size?,2016,[css]
"Is there a ""previous sibling"" selector?",2009,[css]
"In CSS Flexbox why are there no ""justify-items"" and ""justify-self"" properties?",2015,[css]
How can I vertically center a div element for all browsers using CSS?,2008,[css]
CSS-only masonry layout,2017,[css]
How can I vertically align elements in a div?,2008,[css]
Image inside div has extra space below the image,2011,[css]
How can I center text (horizontally and vertically) inside a div block?,2011,[css]
Can I combine :nth-child() or :nth-of-type() with an arbitrary selector?,2011,[css]
What is a clearfix?,2011,[css]
Selecting and manipulating CSS pseudo-elements such as ::before and ::after using javascript (or jQuery),2011,[css]
Percentage Height HTML 5/CSS,2009,[css]
Align inline-block DIVs to top of container element,2014,[css]
Make a div fill the height of the remaining screen space,2008,[css]
Maintain the aspect ratio of a div with CSS,2009,[css]
How do I vertically center text with CSS? [duplicate],2012,[css]
What methods of ‘clearfix’ can I use?,2008,[css]
Why can't an element with a z-index value cover its child?,2019,[css]
Example images for code and mark-up Q&As [closed],2013,[css]
Transitions on the CSS display property,2010,[css]
Why not use tables for layout in HTML? [closed],/a,[css]
How to affect other elements when one element is hovered,2010,[css]
How do you get the footer to stay at the bottom of a Web page?,2008,[css]
Center one and right/left align other flexbox element,2016,[css]
What does a space mean in a CSS selector? i.e. What is the difference between .classA.classB and .classA .classB? [duplicate],2009,[css]
Which characters are valid in CSS class names/selectors?,2009,[css]
How to center an element horizontally and vertically,2013,[css]
How can I transition height: 0; to height: auto; using CSS?,2010,[css]
Make container shrink-to-fit child elements as they wrap,2016,[css]
CSS selector for first element with class,2010,[css]
CSS margin terror; Margin adds space outside parent element [duplicate],2012,[css]
How do I give text or an image a transparent background using CSS?,2009,[css]
How to make a div 100% height of the browser window,2009,[css]
Is it possible for flex items to align tightly to the items above them?,2015,[css]
Why is percentage height not working on my div? [duplicate],2015,[css]
How can I make Bootstrap columns all the same height?,2013,[css]
Targeting flex items on the last or specific row,2017,[css]
How to disable text selection highlighting,2009,[css]
How wide is the default `<body>` margin?,2012,[css]
How do I vertically align text in a div?,2010,[css]
How do CSS triangles work?,2011,[css]
Does ID have to be unique in the whole page?,2012,[css]
Why does this CSS margin-top style not work?,2012,[css]
Bootstrap Center Vertical and Horizontal Alignment,2017,[css]
Vertically align text next to an image?,2009,[css]
How to Create Grid/Tile View? [duplicate],2011,[css]
